CountyName,HUC_8,area_ha_piece,county_area_ha,frac_of_county
Adair,07100007,182.915554403828,147631.01281104452,0.0012390049415832755
Adair,07100008,47484.48791765279,147631.01281104452,0.32164304107585445
Adair,10240003,1944.71773182751,147631.01281104452,0.013172826595158484
Adair,10240009,56762.798871749364,147631.01281104452,0.38449102116776135
Adair,10240010,10956.035638650368,147631.01281104452,0.07421229069716664
Adair,10240012,20.619094604303406,147631.01281104452,0.00013966641704676335
Adair,10280102,30279.43800215609,147631.01281104452,0.20510214910542723
Adams,10240009,31217.606342459298,110166.51283625634,0.28336747291673764
Adams,10240010,51226.082111619166,110166.51283625634,0.4649877788884719
Adams,10240012,12730.374633649619,110166.51283625634,0.11555575560943043
Adams,10240013,14992.449748528295,110166.51283625634,0.13608899258536036
Allamakee,07060001,117890.12871405225,170699.72988723937,0.6906286775727646
Allamakee,07060002,52340.92835327771,170699.72988723937,0.3066257245272328
Allamakee,07060004,468.67281990912136,170699.72988723937,0.002745597900000877
Appanoose,07100009,15905.102518310672,133564.67103673835,0.11908165830720167
Appanoose,07110001,9616.190929873625,133564.67103673835,0.07199651565965817
Appanoose,07110002,1843.9047840268304,133564.67103673835,0.013805333174665965
Appanoose,10280103,757.594252595644,133564.67103673835,0.005672115588015485
Appanoose,10280201,105441.87855193154,133564.67103673835,0.7894443772704585
Audubon,07100007,4989.929735258186,114833.32091934767,0.04345367438047731
Audubon,10240002,21351.083833553275,114833.32091934767,0.18593108396254648
Audubon,10240003,88492.30735053605,114833.32091934767,0.7706152416569749
Benton,07080205,157300.91597655206,185982.43029483486,0.845783742728738
Benton,07080208,28681.514318282836,185982.43029483486,0.15421625727126217
Black Hawk,07080102,17519.850952536177,148226.1454747898,0.1181967654654822
Black Hawk,07080201,4713.146774229366,148226.1454747898,0.03179700017923609
Black Hawk,07080202,145.01649301899633,148226.1454747898,0.0009783462462340062
Black Hawk,07080204,1985.440487400086,148226.1454747898,0.013394671237253271
Black Hawk,07080205,123862.69076760538,148226.1454747898,0.8356332168717958
Boone,07080105,32813.7943561405,148449.25413883143,0.22104384792295867
Boone,07100004,112779.56792815332,148449.25413883143,0.7597179829726904
Boone,07100006,2582.188652226824,148449.25413883143,0.017394419845396678
Boone,07100008,273.7032023105466,148449.25413883143,0.0018437492589526672
Bremer,07080102,61675.669232059874,113708.83565798872,0.5423999716043771
Bremer,07080201,45040.904397105194,113708.83565798872,0.3961073397372423
Bremer,07080202,6703.740125292622,113708.83565798872,0.05895531412753187
Bremer,07080204,288.521903531234,113708.83565798872,0.002537374530850397
Buchanan,07060006,15018.644006094888,148363.14636477447,0.10122893976088344
Buchanan,07080102,99085.32052958988,148363.14636477447,0.6678566945862203
Buchanan,07080205,34259.18182908969,148363.14636477447,0.23091436565289622
Buena Vista,07100004,58.18423936243138,150295.7941564788,0.0003871315208052562
Buena Vista,07100006,94159.81627100208,150295.7941564788,0.6264966814238903
Buena Vista,10230003,29293.96924716332,150295.7941564788,0.1949087758015652
Buena Vista,10230005,21142.48316313385,150295.7941564788,0.14067248708983557
Buena Vista,10230007,5641.341235817016,150295.7941564788,0.037534924163903055
Butler,07080201,1343.8634154151625,150606.13422903258,0.00892303240033701
Butler,07080202,52036.445006960595,150606.13422903258,0.34551344985607796
Butler,07080204,64891.44038319664,150606.13422903258,0.43086850821437134
Butler,07080205,32334.385423459964,150606.13422903258,0.21469500952921222
Calhoun,07100004,2571.020867280216,148134.0959844133,0.017356037110799524
Calhoun,07100006,145563.07511713306,148134.0959844133,0.9826439628892004
Carroll,07100006,26617.80233924344,147617.0625416881,0.18031656964943593
Carroll,07100007,89220.14895933006,147617.0625416881,0.6044026850495936
Carroll,10230007,9019.926000275918,147617.0625416881,0.06110354619560749
Carroll,10240002,16829.58065787369,147617.0625416881,0.11400836981917925
Carroll,10240003,5929.604584964965,147617.0625416881,0.040168829286183656
Cass,10240003,84381.71837140476,146342.04540639333,0.5766061157412136
Cass,10240005,962.1389287150724,146342.04540639333,0.00657458986611266
Cass,10240009,60998.18810627318,146342.04540639333,0.4168192943926716
Cedar,07080103,37431.52195090934,150665.17223961675,0.2484417692190902
Cedar,07080206,113233.65028870736,150665.17223961675,0.7515582307809094
Cerro Gordo,07080202,27366.524309646527,148786.82073953174,0.18393110474182886
Cerro Gordo,07080203,64113.41006552964,148786.82073953174,0.43090785693826644
Cerro Gordo,07080204,53829.54826107831,148786.82073953174,0.3617897606355408
Cerro Gordo,07080207,3477.3381032771968,148786.82073953174,0.023371277684363406
Cherokee,10230002,1610.8356722712413,149486.03914211775,0.010775826836510164
Cherokee,10230003,95274.95857907167,149486.03914211775,0.6373502109350352
Cherokee,10230004,24793.41966198587,149486.03914211775,0.16585776039202255
Cherokee,10230005,27806.82522878907,149486.03914211775,0.1860162018364328
Chickasaw,07060004,31708.87504488143,130932.68624744713,0.24217692276591232
Chickasaw,07080102,78244.29344916387,130932.68624744713,0.5975917526147101
Chickasaw,07080201,20979.517753401768,130932.68624744713,0.16023132461937722
Clarke,07100008,77602.43429610669,111725.52203299168,0.6945810848231373
Clarke,10280102,27836.721828853817,111725.52203299168,0.24915275688426722
Clarke,10280201,6286.365908031308,111725.52203299168,0.05626615829259669
Clay,07100002,668.7689977001784,148294.39707555334,0.004509738809345929
Clay,07100004,5506.173037835661,148294.39707555334,0.03713001398852826
Clay,07100006,442.1121493659531,148294.39707555334,0.002981313913975488
Clay,10230003,141677.34289065143,148294.39707555334,0.9553789332881495
Clayton,07060001,17059.28248150435,205807.7622163849,0.08288940270177145
Clayton,07060003,35727.424862923406,205807.7622163849,0.17359609996322603
Clayton,07060004,145478.2666015396,205807.7622163849,0.7068648190663709
Clayton,07060006,7489.389168961933,205807.7622163849,0.036390217202243516
Clinton,07060005,20085.06298025048,183951.497212231,0.10918673283250133
Clinton,07060006,40198.55128487917,183951.497212231,0.21852799185700975
Clinton,07080101,22566.45357065384,183951.497212231,0.12267610708608784
Clinton,07080103,101101.42937644775,183951.497212231,0.5496091682244023
Crawford,10230001,37445.04887198429,185240.82750172238,0.2021425264451279
Crawford,10230005,46.49603698419681,185240.82750172238,0.000251003181162989
Crawford,10230006,561.7795144633333,185240.82750172238,0.0030326981478103676
Crawford,10230007,117771.75623682406,185240.82750172238,0.6357764528758058
Crawford,10240002,29415.746841466487,185240.82750172238,0.15879731935009295
Dallas,07100004,35052.81056877597,153129.26130969208,0.22890994359258593
Dallas,07100006,65020.11988578862,153129.26130969208,0.42460937465302895
Dallas,07100007,52412.71610854171,153129.26130969208,0.3422776003767239
Dallas,07100008,643.6147465860737,153129.26130969208,0.004203081377663101
Davis,07100009,52945.61023072339,130635.51056495009,0.4052926344586803
Davis,07110001,53384.898427399916,130635.51056495009,0.4086553357240313
Davis,07110002,23949.590449538155,130635.51056495009,0.18333139546793262
Davis,10280201,355.41145728857725,130635.51056495009,0.0027206343493553524
Decatur,10280101,9833.310890936054,138135.8611395343,0.07118579353556274
Decatur,10280102,125373.73068748009,138135.8611395343,0.9076117501510857
Decatur,10280201,2928.8195611181845,138135.8611395343,0.02120245631335164
Delaware,07060004,12592.990022640763,149905.1813170357,0.08400636930625997
Delaware,07060006,124182.13199758276,149905.1813170357,0.8284045348302469
Delaware,07080102,13130.059296812446,149905.1813170357,0.08758909586349505
Des Moines,07080104,85896.19060699065,111254.09160563805,0.7720721940858278
Des Moines,07080107,19224.585702227665,111254.09160563805,0.17279890945829643
Des Moines,07080209,6133.315296419761,111254.09160563805,0.05512889645587597
Dickinson,07100002,7311.447987782474,104593.88329932038,0.06990320807631761
Dickinson,10230003,97282.43531153789,104593.88329932038,0.9300967919236822
Dubuque,07060003,49210.59311228524,159709.732675692,0.3081251986828674
Dubuque,07060004,3038.351655444915,159709.732675692,0.019024211014206746
Dubuque,07060005,28540.905425462686,159709.732675692,0.17870486004392794
Dubuque,07060006,78919.88248249925,159709.732675692,0.49414573025899844
Emmet,07020009,3184.1942782861124,104227.39184074846,0.03055045532705375
Emmet,07100002,59251.87400945877,104227.39184074846,0.5684865846013986
Emmet,07100003,37871.41272535876,104227.39184074846,0.3633537408594413
Emmet,10230003,3919.910827644731,104227.39184074846,0.037609219212105555
Fayette,07060004,130827.25444208959,189305.48178291097,0.6910906816323353
Fayette,07060006,13449.488594552573,189305.48178291097,0.071046482478389
Fayette,07080102,45028.73874626857,189305.48178291097,0.23786283588927437
Floyd,07080102,706.1028878428848,129786.73677611926,0.005440485718204818
Floyd,07080201,54479.20892440839,129786.73677611926,0.4197594475187742
Floyd,07080202,72882.15860868635,129786.73677611926,0.5615532096658482
Floyd,07080203,1719.266355181979,129786.73677611926,0.013246857097175463
Franklin,07080202,110.87591784814896,150731.88258902915,0.0007355837129059976
Franklin,07080204,100554.96345524848,150731.88258902915,0.6671114413757562
Franklin,07080205,20036.977921196936,150731.88258902915,0.13293125234710831
Franklin,07080207,30029.06529473558,150731.88258902915,0.19922172256422951
Fremont,10240001,33237.00240384852,133853.39276020933,0.24830900224838307
Fremont,10240002,42444.65221682977,133853.39276020933,0.3170980678305773
Fremont,10240003,29509.93030127094,133853.39276020933,0.22046456718610252
Fremont,10240004,25279.91411791657,133853.39276020933,0.18886270715008385
Fremont,10240005,3381.8937203436776,133853.39276020933,0.025265655584854288
Greene,07100004,14030.575696169692,147885.06480748998,0.09487486592668472
Greene,07100006,114774.7730140784,147885.06480748998,0.7761079400647182
Greene,07100007,19079.716097241726,147885.06480748998,0.129017194008596
Grundy,07080205,118429.29702920576,129873.12395652954,0.9118845641138639
Grundy,07080207,10302.623128650246,129873.12395652954,0.07932836921747326
Grundy,07080208,1141.2037986739804,129873.12395652954,0.008787066668666245
Guthrie,07100006,3081.2059704099224,153520.9118245404,0.02007026882390748
Guthrie,07100007,124308.15239390807,153520.9118245404,0.809714786842722
Guthrie,07100008,16521.728696193462,153520.9118245404,0.10761875043496487
Guthrie,10240003,9609.824764028746,153520.9118245404,0.0625961938984042
Hamilton,07080105,78300.53159120158,149460.05854048434,0.5238893411111054
Hamilton,07080207,20108.444121630986,149460.05854048434,0.13454058775297614
Hamilton,07100004,5014.439612241176,149460.05854048434,0.03355036563753862
Hamilton,07100005,46036.64321541092,149460.05854048434,0.308019705498382
Hancock,07080203,10994.68589007278,148333.67938065625,0.07412130499276595
Hancock,07080204,1304.0620545601246,148333.67938065625,0.008791409071796971
Hancock,07080207,80152.04846931354,148333.67938065625,0.5403496279737393
Hancock,07100003,12668.484043753886,148333.67938065625,0.08540531116499726
Hancock,07100005,43214.398922955785,148333.67938065625,0.2913323467966995
Hardin,07080105,2562.790035406267,147512.52573034982,0.017373372347315102
Hardin,07080205,10554.214751498219,147512.52573034982,0.07154792245094582
Hardin,07080207,134395.52094344544,147512.52573034982,0.9110787052017398
Harrison,10230001,35412.40335396229,181424.7960881643,0.19519053689195526
Harrison,10230003,3271.775578585778,181424.7960881643,0.018033783965207502
Harrison,10230004,2914.173835862,181424.7960881643,0.01606270972158537
Harrison,10230006,35343.99217428956,181424.7960881643,0.1948134595511077
Harrison,10230007,101687.25981367356,181424.7960881643,0.5604926228731056
Harrison,10240001,2795.191331790815,181424.7960881643,0.015406886997036932
Henry,07080104,1784.3986734506962,113012.39865418604,0.01578940624834354
Henry,07080107,111219.642214694,113012.39865418604,0.9841366393347883
Henry,07080209,8.357766041311889,113012.39865418604,7.395441686789039e-05
Howard,07060002,36494.38848822259,122616.7018140604,0.2976298330350115
Howard,07060004,61970.477939348675,122616.7018140604,0.5053999742492058
Howard,07080102,24151.83538648913,122616.7018140604,0.19697019271578262
Humboldt,07100002,31169.733778205013,112769.18614112442,0.27640293279405076
Humboldt,07100003,43497.606095971845,112769.18614112442,0.38572244408625056
Humboldt,07100004,16210.08827386297,112769.18614112442,0.14374572370839794
Humboldt,07100005,21891.75799308464,112769.18614112442,0.19412889941130118
Ida,10230001,16905.034580506745,111890.59462244561,0.15108539406327848
Ida,10230003,19675.91954007431,111890.59462244561,0.17584962888495773
Ida,10230005,73547.00575257426,111890.59462244561,0.6573117785346052
Ida,10230007,1762.6347492901918,111890.59462244561,0.015753198517157594
Iowa,07080208,57915.728843241144,152035.1765737138,0.3809363737290158
Iowa,07080209,94119.44773047265,152035.1765737138,0.6190636262709841
Jackson,07060005,54390.329835363045,168261.98030979699,0.3232478884131865
Jackson,07060006,113871.65047443347,168261.98030979699,0.6767521115868107
Jasper,07080105,108830.43194301565,189605.41539921035,0.5739837742180274
Jasper,07080106,60147.28335647571,189605.41539921035,0.317223446544693
Jasper,07080208,2291.6096694506014,189605.41539921035,0.012086203680552392
Jasper,07100008,18336.09043026882,189605.41539921035,0.09670657555672951
Jefferson,07080105,228.30776864535474,113085.40848499315,0.002018896794060323
Jefferson,07080107,103496.27964274382,113085.40848499315,0.9152045434445077
Jefferson,07100009,9360.821073604151,113085.40848499315,0.08277655976143347
Johnson,07080206,18950.94412717995,161293.57721992582,0.11749348271531049
Johnson,07080208,41579.70204594365,161293.57721992582,0.25778895082256875
Johnson,07080209,100762.9310468029,161293.57721992582,0.624717566462125
Jones,07060006,88574.12701916407,149397.6783132335,0.5928748560165426
Jones,07080102,9587.867620270594,149397.6783132335,0.06417681806385414
Jones,07080103,50419.0001330896,149397.6783132335,0.3374818183411056
Jones,07080206,816.6835407096902,149397.6783132335,0.00546650757850063
Keokuk,07080105,29810.424103801608,150142.84163502968,0.19854708875342458
Keokuk,07080106,65774.6230997836,150142.84163502968,0.4380803132770719
Keokuk,07080107,29658.577138968754,150142.84163502968,0.19753573874046848
Keokuk,07080209,24899.217292475612,150142.84163502968,0.16583685922903435
Kossuth,07020009,65517.08861056205,252220.75784680847,0.2597608903005328
Kossuth,07100002,693.9247775091542,252220.75784680847,0.002751259584790495
Kossuth,07100003,160004.33796627744,252220.75784680847,0.6343821156205526
Kossuth,07100005,26005.406492459104,252220.75784680847,0.10310573449412133
Lee,07080104,77408.50416629961,139477.99961006574,0.554987197857068
Lee,07080107,14612.804427846932,139477.99961006574,0.10476780903582994
Lee,07100009,47456.34497928805,139477.99961006574,0.3402425121665084
Linn,07060006,2635.513657359689,187591.58379555494,0.014049210545777902
Linn,07080102,39053.87581059821,187591.58379555494,0.2081856500191434
Linn,07080103,495.5807013102455,187591.58379555494,0.002641806691340427
Linn,07080205,66483.01959548864,187591.58379555494,0.35440299746040094
Linn,07080206,68366.34512557446,187591.58379555494,0.36444249652523286
Linn,07080208,10557.24890522341,187591.58379555494,0.056277838758103015
Louisa,07080101,12273.819856935164,108093.70566849578,0.11354796082740277
Louisa,07080104,7370.274387853584,108093.70566849578,0.06818412175133405
Louisa,07080107,5976.471465900519,108093.70566849578,0.05528972689889361
Louisa,07080206,1447.5148147208936,108093.70566849578,0.013391296058996855
Louisa,07080209,81025.62514308553,108093.70566849578,0.7495868944633719
Lucas,07100008,47910.386764987365,112428.90685177011,0.4261393987237994
Lucas,07100009,27697.739030783905,112428.90685177011,0.24635780784830982
Lucas,10280201,36820.781055998814,112428.90685177011,0.32750279342789057
Lyon,10170203,33316.83630114027,152376.8656238701,0.2186476022113499
Lyon,10170204,119060.02932272971,152376.8656238701,0.7813523977886493
Madison,07100006,1040.489480377728,145503.68915598796,0.007150949136844675
Madison,07100007,4113.808530290078,145503.68915598796,0.028272881286740773
Madison,07100008,132907.19878877586,145503.68915598796,0.9134283780687652
Madison,10280102,7442.192356544232,145503.68915598796,0.05114779150764894
Mahaska,07080105,45102.07999303609,148473.59034545426,0.3037717340039858
Mahaska,07080106,42836.03328168228,148473.59034545426,0.28850944590223393
Mahaska,07080107,11380.974981239247,148473.59034545426,0.07665319438129754
Mahaska,07080209,467.16708905154803,148473.59034545426,0.003146465899858608
Mahaska,07100009,48687.33500044514,148473.59034545426,0.32791915981262443
Marion,07080105,14329.713550082022,147612.95513594043,0.09707625957955678
Marion,07100008,72540.23822462808,147612.95513594043,0.49142189557701066
Marion,07100009,60743.00336123048,147612.95513594043,0.4115018448434336
Marshall,07080105,6312.598406219863,148351.4851194047,0.04255163607657178
Marshall,07080106,19581.544736675303,148351.4851194047,0.13199426160725367
Marshall,07080205,4133.944185659506,148351.4851194047,0.02786587665322116
Marshall,07080207,28070.542518237424,148351.4851194047,0.1892164577634264
Marshall,07080208,90252.85527261246,148351.4851194047,0.608371767899526
Mills,10230006,7208.814295919259,114103.24538655956,0.06317799525769141
Mills,10240001,38950.084060302965,114103.24538655956,0.3413582490870235
Mills,10240002,67944.3470303372,114103.24538655956,0.5954637556552839
Mitchell,07060002,396.9262507516694,121562.51061877537,0.003265202805793022
Mitchell,07080102,14272.52673447135,121562.51061877537,0.11740895002761612
Mitchell,07080201,104869.77733224923,121562.51061877537,0.8626818975557754
Mitchell,07080202,2023.2803013031762,121562.51061877537,0.01664394961081595
Monona,10230001,80936.94625356684,181079.20906033227,0.4469698463648587
Monona,10230003,28123.74938443476,181079.20906033227,0.15531186341257125
Monona,10230004,38896.927423524256,181079.20906033227,0.2148061482340831
Monona,10230005,27050.786426494844,181079.20906033227,0.14938648432842458
Monona,10230007,6070.799572311574,181079.20906033227,0.03352565766006242
Monroe,07100009,109701.25791423276,112336.34563100757,0.9765428748641128
Monroe,10280201,2635.087716774674,112336.34563100757,0.023457125135885902
Montgomery,10240002,26229.25771121545,110090.67349086788,0.23825140567780423
Montgomery,10240003,28988.913533563165,110090.67349086788,0.2633185229443421
Montgomery,10240005,24243.067966621962,110090.67349086788,0.22021000687794817
Montgomery,10240009,30324.81319265566,110090.67349086788,0.2754530627444216
Montgomery,10240010,304.62108681157815,110090.67349086788,0.002767001755483372
Muscatine,07080101,36281.66724333542,116312.47662890237,0.31193272033139585
Muscatine,07080206,74569.34518168868,116312.47662890237,0.6411121776695022
Muscatine,07080209,5461.464203878453,116312.47662890237,0.04695510199910351
O'Brien,10170204,273.07400504231373,148474.79433347814,0.001839194364728215
O'Brien,10230002,41939.77191023662,148474.79433347814,0.2824706516584817
O'Brien,10230003,106261.94841819935,148474.79433347814,0.715690153976791
Osceola,10170204,39115.046951538316,103452.09085335005,0.3780981769328026
Osceola,10230002,5768.941218784576,103452.09085335005,0.05576437528906419
Osceola,10230003,58568.10268302741,103452.09085335005,0.5661374477781357
Page,10240002,1601.8393488407849,138691.69742303065,0.0115496412446012
Page,10240003,22369.41684849833,138691.69742303065,0.16128879568232715
Page,10240005,56619.63104814279,138691.69742303065,0.40824095529990057
Page,10240009,26561.38322908388,138691.69742303065,0.1915138665299311
Page,10240010,31539.426948464865,138691.69742303065,0.22740674124323998
Palo Alto,07100002,125959.40923903442,147435.3884593569,0.8543363337341312
Palo Alto,07100003,4270.531087024033,147435.3884593569,0.028965441280071492
Palo Alto,07100004,6084.918954524346,147435.3884593569,0.04127176669122257
Palo Alto,07100006,1321.2742072787917,147435.3884593569,0.008961716865167847
Palo Alto,10230003,9799.254971495313,147435.3884593569,0.06646474142940687
Plymouth,10170203,58012.63934916095,223998.27985485262,0.25898698591235714
Plymouth,10230001,15634.888042339195,223998.27985485262,0.06979914333480756
Plymouth,10230002,86261.13920524126,223998.27985485262,0.3850973286988504
Plymouth,10230003,1317.8504562163737,223998.27985485262,0.005883306144450396
Plymouth,10230004,62771.76280189427,223998.27985485262,0.2802332359095319
Pocahontas,07100002,30957.801335613178,149836.3303692739,0.20661078163965446
Pocahontas,07100004,67168.54667024667,149836.3303692739,0.44827944267394143
Pocahontas,07100006,51709.98236341399,149836.3303692739,0.34510977568640366
Polk,07080105,27743.88121227779,153202.91960914305,0.18109237919916282
Polk,07100004,40322.438507030216,153202.91960914305,0.26319627987444566
Polk,07100006,18754.45099208548,153202.91960914305,0.1224157544773463
Polk,07100008,66382.14889774949,153202.91960914305,0.4332955864490447
Pottawattamie,10230006,82001.09536293507,248458.36730458436,0.33003958068520256
Pottawattamie,10230007,4360.081142540068,248458.36730458436,0.017548538170964707
Pottawattamie,10240001,23513.811068671483,248458.36730458436,0.0946388375797623
Pottawattamie,10240002,129819.78468453287,248458.36730458436,0.5225011582137107
Pottawattamie,10240003,8763.595045904822,248458.36730458436,0.03527188535035955
Poweshiek,07080106,36998.80908619064,151753.5053787458,0.24380859601133537
Poweshiek,07080208,66629.36248869418,151753.5053787458,0.43906308669708083
Poweshiek,07080209,48125.200002795485,151753.5053787458,0.31712743559158524
Ringgold,10240012,20868.395009165524,139440.1126990825,0.14965847778824146
Ringgold,10240013,9.702059725898373,139440.1126990825,6.95786853445523e-05
Ringgold,10280101,108485.02093803583,139440.1126990825,0.7780043980038296
Ringgold,10280102,10076.994692155436,139440.1126990825,0.07226754552258578
Sac,07100006,73680.20741549655,149779.41564478568,0.49192478885239665
Sac,07100007,26.545980729215295,149779.41564478568,0.0001772338382743547
Sac,10230005,22960.859929399237,149779.41564478568,0.153297833554464
Sac,10230007,53111.80231916065,149779.41564478568,0.3546001437548648
Scott,07080101,49463.470228467784,121341.32975894422,0.40763909812700705
Scott,07080103,64743.93515056493,121341.32975894422,0.5335686964959486
Scott,07080206,7133.9243799115275,121341.32975894422,0.05879220537704448
Shelby,10230006,24501.027681927008,153150.37859412323,0.15998019663313567
Shelby,10230007,8848.884185133911,153150.37859412323,0.057779055242070845
Shelby,10240001,10114.022857058622,153150.37859412323,0.06603981622443553
Shelby,10240002,92177.16483480124,153150.37859412323,0.6018735681946157
Shelby,10240003,17509.279035202635,153150.37859412323,0.11432736370574346
Sioux,10170203,62675.5318906316,199304.38081702043,0.31447142121865074
Sioux,10170204,41109.89871883005,199304.38081702043,0.20626690969012207
Sioux,10230002,95518.95020755862,199304.38081702043,0.4792616690912264
Story,07080105,130280.28734691362,148467.23657714145,0.8775019347734802
Story,07080106,451.2406903787085,148467.23657714145,0.003039328411991088
Story,07080207,14369.082404225159,148467.23657714145,0.09678285078579738
Story,07080208,1163.9612461302663,148467.23657714145,0.007839852569260213
Story,07100004,70.26390585948535,148467.23657714145,0.0004732620305960718
Story,07100008,2132.4009836342266,148467.23657714145,0.014362771428875229
Tama,07080205,58126.128218226084,186842.1769894654,0.31109746822048306
Tama,07080208,128716.04877123935,186842.1769894654,0.6889025317795171
Taylor,10240010,13625.195685573033,138438.42053993893,0.09842062364213566
Taylor,10240012,38009.23894707007,138438.42053993893,0.2745570109715645
Taylor,10240013,86191.93298411815,138438.42053993893,0.6226012450008567
Taylor,10280101,612.0529231774882,138438.42053993893,0.004421120385441795
Union,07100008,1700.1373081588395,110257.51709708582,0.015419695209187468
Union,10240010,4315.857895260787,110257.51709708582,0.03914343446951118
Union,10240012,30823.025067055005,110257.51709708582,0.2795548628209557
Union,10280101,13961.375841057012,110257.51709708582,0.12662516088371104
Union,10280102,59457.12098555394,110257.51709708582,0.5392568466166325
Van Buren,07080107,15492.157394596372,127059.08208362713,0.12192876841656874
Van Buren,07100009,92501.77521375049,127059.08208362713,0.7280217493848108
Van Buren,07110001,19065.14947527994,127059.08208362713,0.1500494821986179
Wapello,07080107,39496.59891475163,112824.4607665314,0.3500712402825685
Wapello,07100009,73327.86185177973,112824.4607665314,0.6499287597174312
Warren,07100006,511.7725088718878,148267.46394319888,0.0034516845116332965
Warren,07100008,147755.69143432705,148267.46394319888,0.9965483154883671
Washington,07080107,72326.87734960015,147712.69320304092,0.48964564778588154
Washington,07080209,75385.81585344068,147712.69320304092,0.5103543522141178
Wayne,10280102,22952.35243035454,136446.74914966794,0.16821472532979284
Wayne,10280103,31640.078364941935,136446.74914966794,0.23188590832776856
Wayne,10280201,81854.31835437169,136446.74914966794,0.5998993663424402
Webster,07080105,798.7293728541354,186039.4378150829,0.004293333619122448
Webster,07100004,141760.119810594,186039.4378150829,0.7619896161560051
Webster,07100005,3009.7189577583035,186039.4378150829,0.01617785450819232
Webster,07100006,40470.869673876834,186039.4378150829,0.21753919571668212
Winnebago,07020009,22064.18169146967,103920.4231495733,0.21231805089662267
Winnebago,07080202,863.6669667205447,103920.4231495733,0.008310849210818393
Winnebago,07080203,53239.69957900747,103920.4231495733,0.5123121900916363
Winnebago,07080207,259.50879005737215,103920.4231495733,0.00249718758057653
Winnebago,07100003,27493.36612231826,103920.4231495733,0.26456172222034635
Winneshiek,07040008,1167.9141012870377,178583.8326915866,0.0065398646881099235
Winneshiek,07060001,11658.593643467315,178583.8326915866,0.06528358960467406
Winneshiek,07060002,113348.99975988228,178583.8326915866,0.6347103097268354
Winneshiek,07060004,52408.32518694973,178583.8326915866,0.2934662359803793
Woodbury,10170203,1591.7023891662427,227513.98012574867,0.0069960641024630526
Woodbury,10230001,23640.90425226442,227513.98012574867,0.10390967728311867
Woodbury,10230002,6297.184657948223,227513.98012574867,0.0276782317045648
Woodbury,10230003,55785.630197906794,227513.98012574867,0.24519649371468805
Woodbury,10230004,121062.86301387982,227513.98012574867,0.5321117539544932
Woodbury,10230005,19135.65029845368,227513.98012574867,0.0841075800611341
Worth,07080201,20807.00997697668,104006.06654971105,0.2000557339319404
Worth,07080202,53592.26391848625,104006.06654971105,0.5152801725548494
Worth,07080203,29606.79265424804,104006.06654971105,0.28466409351320954
Wright,07080207,55644.40572083271,150620.684725421,0.3694340244321126
Wright,07100004,6.769550185958111,150620.684725421,4.494435939060355e-05
Wright,07100005,94969.50945440208,150620.684725421,0.6305210312084952
